Top pages,Clicks,Impressions,CTR,Position
https://www.flooddoctorva.com/,296,200229,0.15%,26.73
https://fairfax.flooddoctorva.com/,63,124398,0.05%,22.75
https://arlington.flooddoctorva.com/,51,214227,0.02%,31.9
https://mclean.flooddoctorva.com/,43,183348,0.02%,42.26
https://ashburn.flooddoctorva.com/,42,43737,0.1%,20.56
https://fallschurch.flooddoctorva.com/,39,46868,0.08%,29.25
https://greatfalls.flooddoctorva.com/,31,22725,0.14%,28.15
https://reston.flooddoctorva.com/,15,21974,0.07%,30.07
https://tysons.flooddoctorva.com/,10,5605,0.18%,26.11
https://www.flooddoctorva.com/about/,9,2267,0.4%,16.69
https://www.flooddoctorva.com/submit-a-claim/,8,3406,0.23%,43.24
https://www.flooddoctorva.com/contact/,8,2769,0.29%,36.26
https://alexandria.flooddoctorva.com/,7,80262,0.01%,27.46
https://springfield.flooddoctorva.com/,7,25732,0.03%,29.28
https://lorton.flooddoctorva.com/,5,14773,0.03%,21.82
https://herndon.flooddoctorva.com/,2,5753,0.03%,19.58
https://arlington.flooddoctorva.com/#contact,1,5392,0.02%,7.56
https://mclean.flooddoctorva.com/#services,1,2492,0.04%,6.19
https://www.flooddoctorva.com/service-area/,1,846,0.12%,54.6
https://www.flooddoctorva.com/reviews/,1,208,0.48%,22.81
https://www.flooddoctorva.com/emergency-services/,1,61,1.64%,8.31
https://www.flooddoctorva.com/top-10-things-you-need-to-know-about-water-damage-restoration/,1,23,4.35%,44.78
https://greatfalls.flooddoctorva.com/services/,1,21,4.76%,5.71
https://www.flooddoctorva.com/have-a-backyard-pool-beware-of-water-damage-to-your-home/,1,15,6.67%,47.67
https://www.flooddoctorva.com/maha-mokaddem/,1,1,100%,1
https://www.flooddoctorva.com/kia-jafari/,1,1,100%,8
https://mclean.flooddoctorva.com/expert-basement-water-removal-services/,0,10141,0%,44.44
https://mclean.flooddoctorva.com/water-damage-cleanup/,0,8823,0%,32.56
https://www.flooddoctorva.com/fire-damage-restoration/,0,7247,0%,40.63
https://www.flooddoctorva.com/water-damage-cleanup/,0,6586,0%,40.6
https://arlington.flooddoctorva.com/#about,0,5392,0%,7.56
https://arlington.flooddoctorva.com/#services,0,5392,0%,7.56
https://fairfax.flooddoctorva.com/#about,0,4864,0%,8.44
https://fairfax.flooddoctorva.com/#clients,0,4864,0%,8.44
https://fairfax.flooddoctorva.com/#services,0,4864,0%,8.44
https://fairfax.flooddoctorva.com/#awards,0,4859,0%,8.44
https://greatfalls.flooddoctorva.com/water-damage-cleanup/,0,4407,0%,36.16
https://www.flooddoctorva.com/commercial-restoration-services/,0,3570,0%,62.38
https://www.flooddoctorva.com/mold-remediation/,0,2647,0%,57.69
https://www.flooddoctorva.com/water-damage-repair-process/,0,2610,0%,68.99
https://mclean.flooddoctorva.com/#about,0,2492,0%,6.19
https://mclean.flooddoctorva.com/#contact,0,2492,0%,6.19
https://www.flooddoctorva.com/structural-drying/,0,2459,0%,64.19
https://www.flooddoctorva.com/water-damage-mitigation/,0,2451,0%,88.33
https://www.flooddoctorva.com/water-extraction/,0,1974,0%,43.55
https://www.flooddoctorva.com/water-damage-restoration-process/,0,1966,0%,67.8
https://www.flooddoctorva.com/commercial-water-damage/,0,1898,0%,54.6
https://www.flooddoctorva.com/water-damage-home-repair/,0,1433,0%,55.2
https://fairfax.flooddoctorva.com/#contact,0,1060,0%,8.83
https://www.flooddoctorva.com/#services,0,888,0%,6.23
https://www.flooddoctorva.com/the-biggest-issues-with-water-pumps-and-how-to-fix-them/,0,669,0%,85.75
https://fallschurch.flooddoctorva.com/#about,0,637,0%,6.23
https://fallschurch.flooddoctorva.com/#awards,0,637,0%,6.23
https://fallschurch.flooddoctorva.com/#clients,0,637,0%,6.23
https://fallschurch.flooddoctorva.com/#services,0,637,0%,6.23
https://www.flooddoctorva.com/top-5-water-damage-restoration-companies-in-northern-virginia/,0,585,0%,56.68
https://greatfalls.flooddoctorva.com/#about,0,369,0%,5.86
https://greatfalls.flooddoctorva.com/#awards,0,369,0%,5.86
https://greatfalls.flooddoctorva.com/#clients,0,369,0%,5.86
https://greatfalls.flooddoctorva.com/#services,0,369,0%,5.86
https://greatfalls.flooddoctorva.com/#contact,0,336,0%,5.91
https://www.flooddoctorva.com/homeowners-guide-to-mold-cleanup-after-disasters/,0,327,0%,89.5
https://www.flooddoctorva.com/flood-damage-virginia/,0,281,0%,78.59
https://www.flooddoctorva.com/thermal-imaging/,0,274,0%,67.31
https://fallschurch.flooddoctorva.com/#contact,0,260,0%,5.95
https://www.flooddoctorva.com/flood-damage-cleanup/,0,243,0%,31.42
https://www.flooddoctorva.com/my-sump-pump-failednow-what/,0,241,0%,92.52
https://ashburn.flooddoctorva.com/#about,0,234,0%,6.43
https://ashburn.flooddoctorva.com/#contact,0,234,0%,6.43
https://ashburn.flooddoctorva.com/#services,0,234,0%,6.43
https://tysons.flooddoctorva.com/water-damage-cleanup-tysons-va/,0,211,0%,32.45
https://greatfalls.flooddoctorva.com/contact/,0,204,0%,54.28
https://www.flooddoctorva.com/raw-sewage-in-your-basement/,0,203,0%,61.36
https://alexandria.flooddoctorva.com/#about,0,98,0%,9.98
https://alexandria.flooddoctorva.com/#awards,0,98,0%,9.98
https://alexandria.flooddoctorva.com/#clients,0,98,0%,9.98
https://alexandria.flooddoctorva.com/#services,0,98,0%,9.98
https://www.flooddoctorva.com/how-to-prevent-your-kitchen-sink-from-becoming-a-source-of-water-damage/,0,91,0%,61.27
https://mclean.flooddoctorva.com/water-cleanup-and-restoration-services-in-mclean-va/,0,88,0%,25.88
https://www.flooddoctorva.com/dehumidification/,0,86,0%,32.52
https://alexandria.flooddoctorva.com/#contact,0,75,0%,10.57
https://www.flooddoctorva.com/faq/,0,60,0%,7.63
https://greatfalls.flooddoctorva.com/flood-doctor-water-damage-services/,0,59,0%,32.1
https://www.flooddoctorva.com/toxic-water-damage-repair/,0,57,0%,33.91
https://www.flooddoctorva.com/residential-restoration-services/,0,49,0%,36
https://reston.flooddoctorva.com/#about,0,47,0%,5.94
https://reston.flooddoctorva.com/#contact,0,47,0%,5.94
https://reston.flooddoctorva.com/#services,0,47,0%,5.94
https://www.flooddoctorva.com/residential/,0,29,0%,7.86
https://greatfalls.flooddoctorva.com/request/,0,26,0%,52.77
https://www.flooddoctorva.com/difference-mold-mildew/,0,24,0%,67.83
https://greatfalls.flooddoctorva.com/services-bk/,0,22,0%,13.59
https://ashburn.flooddoctorva.com/privacy-policy/,0,21,0%,28.62
https://www.flooddoctorva.com/residential-water-damage-restoration/,0,20,0%,34.7
https://reston.flooddoctorva.com/sitemaps/,0,15,0%,45
https://www.flooddoctorva.com/water-damage-repair/,0,9,0%,22.78
https://www.flooddoctorva.com/how-to-redo-your-ceiling-after-water-damage/,0,9,0%,91.44
https://springfield.flooddoctorva.com/#about,0,8,0%,10.88
https://springfield.flooddoctorva.com/#awards,0,8,0%,10.88
https://springfield.flooddoctorva.com/#clients,0,8,0%,10.88
https://springfield.flooddoctorva.com/#services,0,8,0%,10.88
https://alexandria.flooddoctorva.com/privacy-policy/,0,7,0%,15.29
https://lorton.flooddoctorva.com/privacy-policy/,0,7,0%,15.43
https://www.flooddoctorva.com/will-ksz/,0,7,0%,24.14
https://www.flooddoctorva.com/reaford-crowe/,0,7,0%,33
https://www.flooddoctorva.com/nearme/,0,6,0%,4.83
https://www.flooddoctorva.com/valerie-thomas/,0,6,0%,20.67
https://www.flooddoctorva.com/ten-tips-to-take-the-torture-out-of-post-flood-renovation/,0,6,0%,33.83
https://www.flooddoctorva.com/?wordfence_lh=1&hid=9C87EA32A0A4FE001C522CC919C75646,0,5,0%,3.8
https://springfield.flooddoctorva.com/#contact,0,5,0%,12
https://www.flooddoctorva.com/toxic-water-damage-repair/?doing_wp_cron=1652240605.2726039886474609375000,0,4,0%,23.5
https://www.flooddoctorva.com/prevent-water-damage-to-your-furnace-this-winter/,0,4,0%,35
https://fairfax.flooddoctorva.com/privacy-policy/,0,3,0%,4.67
https://www.flooddoctorva.com/7-ways-to-use-interior-design-to-prevent-house-fires/,0,2,0%,7
https://www.flooddoctorva.com/water-damage-cleanup-tips/,0,2,0%,95.5
https://www.flooddoctorva.com/flood-damage-cleanup-why-you-should-leave-it-to-the-professionals/,0,1,0%,2
https://www.flooddoctorva.com/commercial-projects-portfolio/,0,1,0%,7
https://www.flooddoctorva.com/wp-content/uploads/Flooding101-floodbook.pdf,0,1,0%,10
https://www.flooddoctorva.com/wp-content/uploads/2021/11/Water-Damage-Restoration-Process-cost.png-1024x1024.webp,0,1,0%,20
https://www.flooddoctorva.com/wp-content/uploads/2021/11/Water-Damage-Restoration-Process-cost.png.webp,0,1,0%,29
https://www.flooddoctorva.com/top-10-things-most-homeowners-dont-realize-insurance-covers/,0,1,0%,33