Top queries,Clicks,Impressions,CTR,Position
flood doctor,89,535,16.64%,5.69
water damage restoration,27,26223,0.1%,20.16
flood doctor va,24,87,27.59%,1.15
water damage cleanup,9,10997,0.08%,16.3
water damage restoration mclean va,6,821,0.73%,3.02
water damage restoration falls church va,6,208,2.88%,4.13
flood doctors,5,45,11.11%,6.56
water damage restoration near me,4,25909,0.02%,26.31
water damage restoration arlington va,4,4227,0.09%,8.94
water damage cleanup falls church va,4,358,1.12%,1.11
water damage repair,3,10615,0.03%,19.97
water damage restoration company,3,10062,0.03%,40.5
restoration doctor,3,674,0.45%,6.34
flood restoration,2,4943,0.04%,19.34
water damage restoration fairfax va,2,4411,0.05%,9.74
water damage restoration alexandria va,2,4088,0.05%,20.55
flood damage repair,2,1959,0.1%,17.9
restoration company near me,2,1265,0.16%,29.33
water damage cleanup near me,2,1171,0.17%,19.63
water damage cleanup services,2,974,0.21%,14.46
flood cleanup services,2,908,0.22%,2.54
water damage services,2,717,0.28%,11.14
water damage cleanup fairfax va,2,408,0.49%,9.04
water damage restoration reston va,2,376,0.53%,9.04
water mitigation services,2,323,0.62%,20.15
water damage cleanup mclean va,2,241,0.83%,3.69
water damage restoration great falls va,2,223,0.9%,2.18
flood mitigation companies,2,133,1.5%,37.36
flood remediation,2,117,1.71%,4.74
restoration doctor va,2,104,1.92%,4.88
water mitigation companies near me,2,16,12.5%,8.94
water remediation company near me,2,13,15.38%,7.31
flood damage restoration,1,19294,0.01%,16.69
water damage restoration services,1,18033,0.01%,37.12
water restoration,1,14153,0.01%,42.45
water damage service,1,10360,0.01%,63.48
water damage restoration service,1,6939,0.01%,23.11
water damage restoration arlington,1,6187,0.02%,29.19
water damage restoration springfield,1,3434,0.03%,30.68
water damage restoration fairfax,1,2501,0.04%,11.32
water mitigation company,1,1832,0.05%,19.29
flood mitigation,1,1566,0.06%,14.36
flood repair,1,990,0.1%,6.46
water damage,1,902,0.11%,30.66
water extraction services near me,1,835,0.12%,9.14
restoration services,1,738,0.14%,16.51
water cleanup,1,729,0.14%,19.99
water damage springfield,1,669,0.15%,34.11
emergency flood services,1,664,0.15%,7.48
water damage restoration springfield va,1,606,0.17%,17.03
water damage companies near me,1,523,0.19%,22.97
flooded basement,1,485,0.21%,10.76
water damage restoration company arlington,1,432,0.23%,10.81
water damage cleanup falls church,1,397,0.25%,1.42
flood repair service,1,383,0.26%,3.74
water damage mclean va,1,354,0.28%,4.7
water damage cleanup great falls va,1,238,0.42%,3.62
basement water removal companies,1,234,0.43%,71.76
flood damage restoration tysons va,1,220,0.45%,4.96
water damage specialist,1,210,0.48%,25.07
water damage falls church,1,209,0.48%,3.43
water damage restoration companies,1,205,0.49%,29.72
water damage cleanup services mclean va,1,194,0.52%,3.9
flood damage repair mclean va,1,186,0.54%,1.15
restoration doctors,1,135,0.74%,4.01
remediation company,1,129,0.78%,21.25
restoration doctor water removal,1,117,0.85%,5.77
basement flood restoration,1,105,0.95%,7.17
water damage consultants,1,95,1.05%,23.56
water damage remediation near me,1,84,1.19%,30.58
property restoration,1,68,1.47%,15.76
mold removal near me,1,64,1.56%,25.17
best water damage restoration near me,1,62,1.61%,28.74
professional water damage cleanup,1,60,1.67%,36.7
basement flood clean up,1,53,1.89%,4.98
mold removal,1,49,2.04%,7.12
24 hour water damage restoration,1,47,2.13%,30.55
flood dr,1,28,3.57%,18.61
water damage restoration contractors,1,20,5%,77.5
flood and fire restoration,1,17,5.88%,10.88
water damage cleanup and restoration,1,12,8.33%,37.17
mold restoration,1,12,8.33%,37.5
basement flooding clean up,1,7,14.29%,1.71
best water damage restoration services,1,7,14.29%,76.57
drywall repair water damage,1,5,20%,3.6
home restoration companies near me,1,5,20%,9
residential water damage cleanup,1,4,25%,32.5
flood masters,1,2,50%,1.5
mitigation restoration,1,2,50%,9.5
quality restoration services,1,1,100%,1
water damage florida,1,1,100%,1
carpet flood,1,1,100%,2
basement waterproofing near me,1,1,100%,31
flood damage restoration florida,1,1,100%,101
water damage restoration services near me,0,17171,0%,23.08
flood damage restoration near me,0,12917,0%,18.02
water restoration near me,0,10932,0%,27.84
water damage restoration service near me,0,10856,0%,55.42
water damage company,0,10574,0%,15.35
water damage repair near me,0,9416,0%,22.19
water removal services,0,8845,0%,63.93
water damage company near me,0,7655,0%,21.92
water restoration company,0,7613,0%,16.74
water restoration company near me,0,5838,0%,25.16
damage restoration service,0,3946,0%,17.75
emergency water damage,0,3938,0%,25.23
water damage restoration washington dc,0,3778,0%,55.34
water mitigation,0,3459,0%,48.39
flood damage cleanup,0,3426,0%,40.69
water damage arlington,0,3204,0%,37.33
water restoration services,0,3114,0%,43.66
fire damage restoration fairfax,0,2920,0%,38.84
water damage restoration alexandria,0,2912,0%,20.85
fire damage restoration arlington,0,2824,0%,43.37
storm damage restoration near me,0,2818,0%,20.28
fire damage restoration near me,0,2674,0%,29.03
water damage restoration dc,0,2444,0%,42.38
fire damage restoration,0,2438,0%,28.67
water damage clean up,0,2124,0%,18.84
water extraction services,0,2113,0%,15.45
emergency water removal,0,2031,0%,23.08
water damage mitigation,0,2018,0%,34.98
water damage restoration lortin virginia,0,1909,0%,10.56
expert basement flood cleanup services,0,1859,0%,47.07
water damage repair washington dc,0,1855,0%,53.33
water damage restoration mclean,0,1808,0%,7.23
disaster cleanup services,0,1807,0%,26.05
flood restoration near me,0,1806,0%,16.71
water damage claims specialist near me,0,1794,0%,41.17
water remediation,0,1748,0%,26.36
water damage restoration company near me,0,1699,0%,54.57
flood restoration services,0,1594,0%,15.2
water restoration arlington,0,1509,0%,35.16
water damage restoration service arlington,0,1496,0%,29.85
water damage dc,0,1496,0%,64.1
restoration company arlington,0,1473,0%,47.06
basement water removal service,0,1453,0%,51.71
water damage cleanup washington dc,0,1452,0%,46.99
water damage remediation,0,1365,0%,28.58
mold remediation arlington va,0,1318,0%,46.09
disaster cleanup company,0,1304,0%,26.2
water damage repair arlington,0,1299,0%,21.86
water damage experts,0,1279,0%,25.99
water restoration fairfax,0,1232,0%,17.07
flood cleanup dc,0,1217,0%,35.64
commercial water damage restoration,0,1211,0%,29.2
flood specialist,0,1202,0%,55.41
home damage repair,0,1190,0%,30.89
flood restoration companies,0,1179,0%,21.31
water damage repair services,0,1169,0%,20.14
fire damage restoration alexandria,0,1155,0%,51.69
water damage cleanup alexandria va,0,1148,0%,19.4
emergency water damage restoration,0,1148,0%,25.08
water mitigation fairfax,0,1142,0%,15.73
water damage fairfax,0,1141,0%,14.11
home damage repair company,0,1133,0%,16.49
water mitigation arlington,0,1124,0%,12
commercial restoration services,0,1088,0%,50.81
water restoration companies,0,1083,0%,22.98
water restoration springfield,0,1080,0%,25.37
flood damage restoration arlington,0,1065,0%,22.5
water damage alexandria va,0,1063,0%,19.81
water damage extraction,0,1062,0%,43.5
water damage restoration companies near me,0,1058,0%,32.49
commercial damage restoration,0,1051,0%,42.04
flood cleanup near me,0,1031,0%,24.48
floods,0,1011,0%,8.32
water damage company arlington,0,1011,0%,24
flood cleanup,0,1000,0%,10.08
water damage repair company,0,995,0%,37.04
water damage cleanup arlington,0,974,0%,7.34
flood repair company,0,972,0%,48.87
mold remediation,0,964,0%,66.82
water damage restoration ashburn va,0,962,0%,9.09
water damage restoration service washington dc,0,952,0%,50.19
flood cleanup company,0,943,0%,19.92
water damage cleanup fairfax,0,913,0%,8.5
water damage restoration service fairfax,0,908,0%,12.81
emergency water damage restoration services,0,894,0%,21.88
fire damage restoration arlington va,0,879,0%,23.81
water damage restoration northern virginia,0,875,0%,9.42
structural drying services,0,875,0%,53.91
basement flood cleanup services,0,874,0%,17.66
flood damage,0,872,0%,27.55
water damage restoration service alexandria va,0,865,0%,20.03
mold removal arlington va,0,840,0%,46.35
water damage repair service,0,831,0%,54.18
flood damage restoration springfield,0,823,0%,39.04
fire damage restoration alexandria va,0,823,0%,49.48
water damage restoration great falls,0,819,0%,26.85
water damage restoration alexandria virginia,0,806,0%,20.62
emergency water damage cleanup,0,797,0%,23.11
restoration company,0,791,0%,19.77
water damage near me,0,784,0%,28.65
flood damage restoration arlington va,0,773,0%,9.61
water damage restoration falls church,0,763,0%,4.31
water damage alexandria virginia,0,757,0%,20.24
water damage arlington va,0,753,0%,9.59
restoration company in fairfax,0,753,0%,18.84
damage restoration service near me,0,745,0%,17.94
emergency cleanup services,0,743,0%,9.09
emergency restoration services,0,739,0%,20.15
water damage great falls,0,736,0%,22.64
flood cleanup services near me,0,734,0%,44.46
basement flood cleanup near me,0,730,0%,20.41
fire damage restoration mclean,0,729,0%,13.08
water damage alexandria,0,721,0%,18.21
mold remediation service arlington va,0,716,0%,47.52
flood damage restoration alexandria va,0,705,0%,21
fire damage restoration great falls,0,700,0%,30.64
flood doctor water damage restoration flood cleanup services,0,697,0%,10.54
cleanup water damage,0,693,0%,37.99
arlington water damage restoration,0,680,0%,14.9
mold remediation ashburn va,0,677,0%,41.75
property restoration arlington,0,669,0%,8.66
flood restoration service,0,655,0%,8.46
fire damage restoration ashburn va,0,653,0%,21
water damage mold cleanup,0,652,0%,45.78
water removal service,0,652,0%,70.83
+water +removal +service,0,650,0%,67.83
storm damage restoration arlington va,0,648,0%,24.93
restoration company fairfax va,0,634,0%,13.94
mt crawford flood restoration,0,626,0%,8.15
water damage mitagation,0,625,0%,35.76
restoration services near me,0,619,0%,25.4
disaster restoration services,0,618,0%,11.7
flood water cleanup,0,617,0%,5.35
emergency water mitigation,0,616,0%,32.15
commercial water damage restoration alexandria va,0,615,0%,33.66
water restoration alexandria,0,608,0%,22.08
damage restoration,0,605,0%,18.59
mold remediation mclean va,0,599,0%,25.98
commercial restoration services northern va,0,599,0%,40.16
water extraction fairfax,0,598,0%,9.77
water damage restoration process,0,598,0%,77.53
flood restoration companies near me,0,595,0%,25.4
water damage restoration in fairfax,0,594,0%,14.23
water mitigation alexandria va,0,593,0%,22.04
fire damage restoration fairfax va,0,593,0%,42.59
flood cleanup companies,0,588,0%,3.48
emergency water damage near me,0,580,0%,18.48
flood restoration northern virginia,0,575,0%,4.88
sewage cleanup arlington,0,572,0%,32.16
emergency water extraction,0,571,0%,14.58
water restoration contractor,0,568,0%,16.69
water damage restoration company fairfax va,0,567,0%,9.63
disaster cleanup,0,566,0%,29.59
flood damage cleanup alexandria,0,565,0%,18.17
fire damage cleanup alexandria va,0,564,0%,46.74
water damage restoration service alexandria,0,561,0%,24.63
disaster restoration,0,557,0%,24.04
fire restoration fairfax,0,557,0%,44.61
emergency water restoration,0,550,0%,28.84
water damage restoration virginia,0,549,0%,43.97
arlington water damage,0,549,0%,55.48
water damage restoration reston,0,545,0%,8.76
water damage restoration in dc,0,539,0%,46.35
flood damage services,0,537,0%,31.5
water damage company alexandria va,0,536,0%,21.06
mold remediation arlington,0,535,0%,53.85
restoration services alexandria va,0,533,0%,25.94
flood expert,0,532,0%,37.73
flood damage cleanup near me,0,531,0%,18.8
water drying services,0,528,0%,19.21
water damage restoration vienna,0,523,0%,34.98
water damage removal dc,0,522,0%,51.64
fire restoration great falls,0,518,0%,26.92
water damage restoration lorton va,0,517,0%,11.7
arlington restoration companies,0,517,0%,23.84
restoration company alexandria,0,516,0%,37.9
water damage repair alexandria,0,515,0%,21.57
mold remediation vienna va,0,509,0%,1.94
fire damage restoration mclean va,0,509,0%,9.6
fire and water damage,0,508,0%,29.99
water damage company fairfax,0,506,0%,10.46
flood restoration springfield,0,503,0%,33.76
mold remediation lorton,0,502,0%,31.01
water damage service near me,0,500,0%,62.23
fire restoration,0,499,0%,32.53
flood damage restoration fairfax va,0,497,0%,10.54
water damage restoration mclean virginia,0,496,0%,6.14
flood damage remediation,0,495,0%,13.75
storm damage restoration mclean va,0,495,0%,18.41
flood damage restoration alexandria,0,494,0%,22.12
commercial water damage restoration arlington va,0,493,0%,8.79
storm damage restoration,0,493,0%,32.18
water extraction company near me,0,491,0%,19.21
disaster recovery service providers arlington va,0,490,0%,34.95
flood damage repair company,0,485,0%,70.82
water damage northern virginia,0,483,0%,15.49
water damage removal near me,0,483,0%,26.92
water restoration alexandria va,0,481,0%,23.26
arlington restoration services,0,479,0%,30.65
flood damage restoration mclean va,0,478,0%,4.35
water damage restoration herndon,0,476,0%,10.12
flood water extraction,0,475,0%,7.69
fire and water damage restoration,0,470,0%,32.33
restoration services water damage,0,467,0%,27.14
basement flood cleanup services near me,0,466,0%,17.89
great falls water damage restoration,0,465,0%,9.83
flood damage restoration ashburn va,0,464,0%,2.36
mold removal vienna va,0,463,0%,1.01
water mitigation mclean,0,463,0%,3.58
fire damage restoration falls church,0,463,0%,19.09
water damage restoration springfield virginia,0,462,0%,15.99
water damage restoration company alexandria va,0,462,0%,19.99
alexandria water damage restoration,0,462,0%,35.95
water damage restoration company fairfax,0,461,0%,10.92
flooded basement cleanup,0,460,0%,2.39
fire damage cleanup,0,460,0%,30.79
storm damage restoration ashburn va,0,459,0%,18.42
flood recovery company,0,459,0%,40.9
water damage restoration mclean mclean virginia,0,456,0%,6.05
professional water damage services,0,455,0%,7.23
home restoration emergency,0,451,0%,31.79
water damage restoration service springfield,0,451,0%,50.57
dc water damage,0,449,0%,78.18
flooded basement cleanup arlington,0,448,0%,7.56
flooded basement cleanup washington dc,0,447,0%,47.57
mold removal mclean va,0,445,0%,31.3
storm damage restoration arlington,0,444,0%,38.45
structural drying,0,442,0%,88.51
water damage restoration arlington virginia,0,441,0%,11.37
arlington-water-damage-restoration,0,439,0%,37.92
water restoration mclean,0,438,0%,2.68
disaster recovery service providers fairfax va,0,438,0%,65.16
water damage fairfax va,0,437,0%,10.18
arlington-flood-damage-mitigation,0,437,0%,16.08
fire damage restoration lorton va,0,437,0%,33.9
fire damage cleanup alexandria,0,434,0%,45.94
arlington-emergency-water-extraction,0,433,0%,41.38
water mitigation and restoration,0,429,0%,28.31
water mitigation tysons corner,0,428,0%,1.71
water mitigation falls church,0,427,0%,4.85
water damage restoration tysons corner,0,425,0%,3.8
water damage restoration arlington arlington virginia,0,425,0%,10.33
water mitigation service fairfax,0,425,0%,10.97
water damage restoration near me alexandria virginia,0,425,0%,16.11
water damage restoration company washington dc,0,425,0%,46.16
water damage ashburn,0,424,0%,5.78
water damage restoration ashburn,0,424,0%,7.62
water mitigation alexandria,0,424,0%,23.9
water mitigation service arlington,0,423,0%,11.35
basement flood cleanup service arlington,0,423,0%,25.27
arlington-flood-clean-up-services,0,423,0%,25.55
fire damage restoration ashburn,0,420,0%,12.63
water damage and restoration companies,0,419,0%,25.46
kitchen sink mclean,0,415,0%,61.72
flood water removal,0,412,0%,5.5
fire restoration arlington,0,412,0%,50.73
flood damage restoration company northern virginia,0,411,0%,3.8
flood water removal services,0,410,0%,2.95
restoration water damage fairfax,0,409,0%,17.48
restoration water damage services,0,409,0%,45.79
restoration water damage alexandria va,0,408,0%,23.18
fire smoke damage flood damage cleanup,0,408,0%,45.3
flooded basement cleanup fairfax,0,407,0%,28.73
water restoration falls church,0,405,0%,6.19
water extraction company,0,405,0%,20.25
restoration companies great falls,0,403,0%,25.37
fire damage repair alexandria va,0,402,0%,52.29
flood restoration company,0,401,0%,8.63
ashburn va storm damage repair,0,401,0%,9.79
mold remediation near me,0,400,0%,32.33
water mitigation service alexandria va,0,398,0%,23.69
basement water extraction services,0,396,0%,32.79
water clean up service falls church va,0,393,0%,3.95
+water +removal +company,0,393,0%,65.79
flooding cleanup,0,392,0%,1.69
flood cleanup service,0,392,0%,8.27
restoration water damage arlington,0,392,0%,17.54
"water damage restoration alexandria, va",0,391,0%,19.08
water damage remediation arlington,0,388,0%,9.4
mold remediation great falls,0,387,0%,44.97
flood remediation companies,0,386,0%,22.07
basement flood cleanup company,0,386,0%,30.86
water damage company springfield,0,385,0%,47.93
large loss restoration company arlington va,0,384,0%,9.11
flood damage cleanup falls church,0,383,0%,2.13
water extraction near me,0,383,0%,11.46
water damage repair services near me,0,382,0%,14.77
commercial restoration services northern virginia,0,381,0%,43.33
restoration company water damage,0,380,0%,20.04
emergency water repair fairfax,0,379,0%,41.64
restoration services arlington,0,377,0%,40.58
flood damage remediation arlington,0,376,0%,6.44
sewage cleanup alexandria va,0,376,0%,48.25
home restoration great falls,0,374,0%,5.08
flooded basement cleanup alexandria va,0,374,0%,36.26
water damage restoration company near me yorktown,0,374,0%,38.89
basement flood cleanup companies near me,0,373,0%,50.09
water damage repair great falls va,0,372,0%,1.54
water restoration tysons corner,0,372,0%,2.53
restoration company near arlington,0,371,0%,9.03
basement flood cleanup experts,0,371,0%,24.14
water damage cleanup arlington va,0,370,0%,7.32
water damage restoration alexandria alexandria virginia,0,370,0%,20.27
water damage repair springfield,0,370,0%,35.53
mold remediation falls church,0,369,0%,24.42
"water damage restoration company near me yorktown, va",0,369,0%,48.81
fire damage restoration service alexandria,0,369,0%,52.22
water damage companies,0,368,0%,25.11
flood damage services arlington,0,366,0%,5.46
flood damage repair dc metro,0,365,0%,11.75
"water damage restoration service near me yorktown, va",0,364,0%,58.23
flood damage clean up,0,363,0%,12.85
water mitigation service washington dc,0,363,0%,61.2
water mitigation herndon,0,362,0%,10.01
flood restoration company near me,0,361,0%,5.69
water damage cleanup service,0,361,0%,34.71
alexandria fire damage restoration,0,359,0%,56.71
flood damage falls church va,0,358,0%,6.92
water damage restoration repair,0,358,0%,22.3
restoration companies,0,357,0%,8.48
emergency water removal northern va,0,356,0%,27.32
flood service,0,354,0%,1.01
fire damage restoration springfield,0,353,0%,19.61
damage restoration near me,0,352,0%,26.95
water restoration process,0,352,0%,76.88
water restoration great falls,0,351,0%,31.79
arlington fire damage restoration,0,351,0%,60.94
property restoration northern va,0,350,0%,17.77
commercial restoration company,0,350,0%,44.27
commercial water damage restoration near me,0,349,0%,18.36
residential water damage restoration,0,349,0%,46.27
fire restoration damage alexandria va,0,349,0%,51.83
property damage restoration,0,348,0%,11.83
fire restoration company fairfax,0,348,0%,43.34
restoration company fairfax,0,345,0%,15.79
flood damage cleaning arlington,0,344,0%,6.18
water damage remediation alexandria,0,343,0%,21.3
flood damage washington dc,0,343,0%,70.34
water damage washington dc,0,343,0%,70.52
water extraction services alexandria,0,342,0%,29.48
flood damage companies,0,342,0%,43.16
water damage restoration experts,0,341,0%,20.21
restoration water damage companies,0,341,0%,24.38
restoration companies near me,0,341,0%,33.58
emergency water extraction services,0,340,0%,20.54
water damage repairs,0,339,0%,9.39
"restoration water damage yorktown, va",0,338,0%,69.53
flood company,0,337,0%,1.24
flood water removal northern virginia,0,337,0%,1.76
alexandria restoration services,0,336,0%,51.24
flood damage repair arlington,0,334,0%,7.7
basement flooding,0,334,0%,8.31
water damage cleaning arlington,0,334,0%,9.2
water damage restoration lorton,0,334,0%,9.65
storm damage repair,0,334,0%,10.76
water damage consultation,0,333,0%,80.21
basement water removal services,0,332,0%,56.64
water damage services arlington,0,330,0%,8.86
water restoration herndon,0,329,0%,10.12
water removal,0,328,0%,3.41
water damage clean up near me,0,325,0%,24.94
commercial restoration service,0,325,0%,37.64
commercial fire damage alexandria va,0,325,0%,68.29
flood damage cleanup washington dc,0,324,0%,35.44
mold removal arlington,0,324,0%,59.15
basement flood cleanup arlingotn,0,323,0%,29.28
flood damage repair companies,0,323,0%,62.58
storm damage repair arlington,0,322,0%,31.78
"water damage restoration yorktown, va",0,322,0%,62.67
basement water removal company,0,321,0%,57.99
"flooded basement cleanup yorktown, va",0,320,0%,56.03
water damage restoration yorktown,0,318,0%,56.83
fire damage restoration herndon,0,317,0%,22.05
water damage and restoration,0,316,0%,17.47
water damage restoration kempsville va,0,316,0%,59
dr flood,0,315,0%,30.15
water damage company washington dc,0,315,0%,52.66
professional basement flood cleanup services,0,314,0%,14.72
water restoration companies great falls,0,314,0%,29.88
body damage services in alexandria va,0,314,0%,66.54
"fire damage restoration alexandria, va",0,313,0%,49.24
structural drying service,0,313,0%,53.88
"emergency water removal yorktown, va",0,312,0%,75.22
arlington-fire-damage-restoration,0,311,0%,69.79
flood damage cleanup services,0,309,0%,7.59
water extraction company fairfax,0,309,0%,7.73
restoration water damage washington dc,0,309,0%,62.79
emergency flood service,0,308,0%,1.5
flood cleanup springfield,0,308,0%,36.59
water damage restoration services in alexandria va,0,307,0%,16.02
flood restoration services near me,0,307,0%,20.76
remedial repairs mclean va,0,307,0%,32.22
emergency restoration,0,306,0%,16.95
water damage repair great falls,0,305,0%,27.57
water mitigation great falls,0,305,0%,30.68
water damage restoration service in arlington,0,304,0%,12.63
flood damage restoration fairfax,0,303,0%,7.01
water damage virginia,0,303,0%,58.48
water damage restoration service arlington wa,0,303,0%,68.16
residential water damage cleanup fairfax,0,302,0%,6.8
restoration services alexandria,0,302,0%,42.27
damage restoration fairfax,0,300,0%,15.13
water mitigation services near me,0,300,0%,24.64
water removal great falls,0,300,0%,31.45
flood services,0,299,0%,1.9
water damage restoration fairfax station,0,299,0%,10.74
residential water restoration,0,299,0%,12.07
basement water damage restoration virginia,0,299,0%,33.77
mold removal lorton,0,299,0%,67.87
flood removal company,0,297,0%,30.39
water damage cleaning services,0,297,0%,76
fire cleanup services fairfax,0,296,0%,37.75
arlington fire restoration,0,296,0%,67.18
emergency restoration dc metro,0,295,0%,40.68
mold removal company near me,0,295,0%,51.43
"water restoration companies yorktown, va",0,295,0%,59.88
water damage and repair,0,294,0%,12.37
"commercial water damage restoration alexandria, va",0,294,0%,37.27
flooding repair near me,0,292,0%,1.76
water removal springfield,0,292,0%,18.9
emergency water repair alexandria va,0,292,0%,45.36
+water +restoration +service,0,292,0%,81.36
flood restoration company alexandria,0,291,0%,20.11
full house restoration vienna,0,291,0%,39.37
water damage repair company near me,0,290,0%,24.12
restoration services water damage arlington wa,0,290,0%,65.07
emergency restoration services mclean,0,288,0%,9.57
commercial restoration services vienna,0,288,0%,12
restoration services water damage arlington,0,288,0%,54.42
water restoration companies arlington,0,287,0%,21.84
water cleanup great falls,0,285,0%,32.76
water damage mclean,0,284,0%,7.52
disaster recovery service providers alexandria va,0,284,0%,64.18
emergency flooding services near me,0,283,0%,24.42
storm damage repair fairfax,0,283,0%,32.14
arlington water damage repair,0,282,0%,8.24
commercial large loss restoration company arlington,0,282,0%,18.08
disaster recovery fairfax va,0,282,0%,48.93
water damage restoration herndon va,0,281,0%,10.99
commercial restoration company fairfax,0,281,0%,36.04
flood restoration company fairfax,0,279,0%,12.41
basement flood cleanup alexandria,0,279,0%,49.05
commercial water damage alexandria,0,278,0%,33.7
flood damage restoration ashburn,0,277,0%,3.83
flood damage cleanup fairfax,0,277,0%,12.6
emergency mold removal,0,277,0%,61.81
restoration company arlington wa,0,277,0%,69.74
fire repair great falls,0,276,0%,2.5
home restoration,0,276,0%,33.33
water damage repair mclean va,0,275,0%,1.86
commercial water damage restoration alexandria,0,275,0%,34.53
flood damage cleanup alexandria va,0,274,0%,18.69
commercial water restoration,0,274,0%,30.32
water mitigation repair,0,273,0%,23.07
water mitigation near me,0,273,0%,29.38
flood and water damage restoration,0,272,0%,30.99
fire repair,0,272,0%,35.68
fire repair mclean,0,271,0%,29.25
flooding restoration,0,270,0%,1.69
fire restoration mclean,0,270,0%,18.13
fire cleanup services arlington,0,268,0%,18.79
water damage restoration companies alexandria va,0,268,0%,20.87
basement water removal experts,0,268,0%,51.3
flooded basement falls church va,0,267,0%,6.86
water damage in northern virginia,0,267,0%,16.98
flood damage repairs,0,266,0%,1.97
industrial large loss restoration arlington va,0,266,0%,22.76
flood damage cleaning,0,266,0%,44.64
springfield water damage restoration,0,266,0%,49.18
emergency flood restoration ashburn,0,265,0%,2.42
water mitigation washington dc,0,265,0%,67.35
commercial restoration services mclean,0,264,0%,9.82
commercial water damage cleanup,0,264,0%,24.78
commercial restoration company near me,0,264,0%,29.52
flood damage restoration northern virginia,0,262,0%,7.19
restoration companies arlington,0,262,0%,30.97
emergency water removal near me,0,261,0%,20.72
commercial water damage restoration ashburn va,0,258,0%,2.96
flooding company lorton va,0,255,0%,3.68
water damage emergency arlington,0,254,0%,12.65
flood clean up alexandria va,0,254,0%,14.56
flood damage repair experts,0,254,0%,84.87
water restoration company fairfax,0,253,0%,9.34
basement flood cleanup alexandria va,0,253,0%,54.84
flooding company arlington va,0,252,0%,3.52
water damage cleanup in fairfax,0,252,0%,5.68
commercial water damage restoration lorton va,0,251,0%,9.53
mitigation company,0,251,0%,25.58
flood repair services,0,248,0%,4.53
water damage clean up service near me,0,248,0%,9.19
water damage restoration services springfield,0,248,0%,50.58
water damage repair services in fairfax,0,247,0%,7.13
water cleanup company,0,247,0%,26.82
what to do after mold remediation,0,247,0%,95.36
flood recovery companies,0,246,0%,1.01
flooding company ashburn va,0,246,0%,1.71
water damage restoration town center va,0,245,0%,19.34
flood damage remediation washington dc,0,245,0%,46.2
disaster recovery,0,244,0%,2.11
flood damage restoration company alexandria virginia,0,244,0%,21.05
water damage removal,0,244,0%,27.63
water remediation services,0,244,0%,29.54
water damage restoration manassas va,0,243,0%,87.31
restoration company near falls church,0,242,0%,3.32
water damage home repair,0,242,0%,5.23
basement flood cleanup services in fairfax,0,242,0%,17.93
fairfax restoration services,0,242,0%,25.63
fire damage restoration service arlington,0,242,0%,64.59
fire damage,0,241,0%,2.1
emergency flood repair,0,241,0%,2.55
water extraction services in fairfax,0,241,0%,6.07
flood restoration company arlington,0,241,0%,9.83
flood damage restoration company alexandria,0,241,0%,19.48
mold damage restoration,0,241,0%,40.34
fire clean up services northern virginia,0,241,0%,50
water damage restoration tysons va,0,240,0%,3.47
alexandria flood damage restoration,0,240,0%,24.38
basement flood cleanup,0,239,0%,1.08
flooding company alexandria va,0,239,0%,8.52
smoke cleanup alexandria,0,239,0%,51.97
mold damage repair near me,0,238,0%,14.26
"fire damage restoration yorktown, va",0,238,0%,44.16
flood damage restoration lorton va,0,237,0%,9.19
smoke damage cleanup alexandria va,0,236,0%,60.22
home water damage,0,235,0%,2.71
storm damage company vienna,0,235,0%,7.58
fire damage mclean,0,235,0%,25.71
damage restoration springfield,0,235,0%,48.17
professional water damage experts,0,234,0%,23.61
flooded basement near me,0,234,0%,29.95
"water restoration yorktown, va",0,234,0%,72.65
water damage & restoration,0,233,0%,14.69
restoration company springfield,0,233,0%,26.78
water and restoration,0,232,0%,18.41
smoke damage repair alexandria virginia,0,232,0%,41.91
water damage mold clean up near me,0,232,0%,44.05
mold remediation reston va,0,232,0%,54.59
professional basement flood cleanup service,0,231,0%,17.3
fire restoration arlington va,0,231,0%,19.41
fire water damage restoration,0,231,0%,20.89
flood cleanup companies near me,0,230,0%,2.03
northern virginia storm damage repair,0,230,0%,80.62
flood damage restoration sterling va,0,230,0%,80.74
fire damage restoration tysons corner,0,229,0%,9.58
water restoration fairfax station,0,228,0%,21.16
smoke damage repair arlington va,0,228,0%,36.86
mold remediation herndon,0,228,0%,39.64
disaster restoration services virginia,0,228,0%,50.43
emergency damage cleanup northern virginia,0,226,0%,17.03
water damage repair northern virginia,0,225,0%,9.95
flood repair near me,0,225,0%,27.38
basement flood clean up alexandria va,0,225,0%,57.4
fire damage repair arlington,0,225,0%,59.14
water damage flood restoration,0,224,0%,2.16
restoration services springfield,0,224,0%,17.17
sewage backup cleanup arlington,0,224,0%,38.48
flooded basement northern virginia,0,223,0%,15.73
flood damage restoration alexandria virginia,0,223,0%,21.77
water damage restoration service near me arlington wa,0,223,0%,66.17
water damage repair in arlington,0,223,0%,74.68
flood mitigation services,0,222,0%,1.22
storm damage cleanup arlington,0,222,0%,31.14
home remediation alexandria va,0,222,0%,37.11
water damage restoration service near me arlington,0,222,0%,43.85
flood restoration arlington va,0,221,0%,12.74
great falls restoration services,0,221,0%,18.44
moisture protection mclean va,0,221,0%,25.47
commercial restoration services fairfax,0,221,0%,34.65
commercial damage restoration northern va,0,221,0%,34.68
flood damage restoration company,0,220,0%,24.68
springfield water damage repair company,0,220,0%,47.48
water damage cleanup in potomac,0,220,0%,66.07
great falls va water damage services,0,219,0%,1.4
fairfax restoration company,0,219,0%,16.53
sewage backup cleanup arlington va,0,219,0%,24.53
water drying service arlington,0,219,0%,65.07
water extraction service arlington,0,219,0%,69.76
commercial flood cleanup fairfax va,0,218,0%,6.85
storm damage repair northern va,0,218,0%,40.05
commercial water damage,0,218,0%,60.22
water damage restoration companies in great falls va,0,217,0%,2.69
storm restoration companies,0,217,0%,12.12
commercial fire damage restoration alexandria va,0,217,0%,53.09
storm damage repair experts northern virginia,0,217,0%,61.06
water damage experts springfield,0,217,0%,63.3
commercial large loss restoration northern virginia,0,216,0%,36.09
commercial restoration company northern va,0,216,0%,49.93
water damage in fairfax va,0,215,0%,7.02
emergency remediation services,0,215,0%,12.25
residential water damage repair near me,0,215,0%,18.71
water damage cleaning,0,215,0%,32.68
flood cleanup northern virginia,0,214,0%,6.96
flood damage cleanup arlington,0,214,0%,10.39
water remediation fairfax,0,214,0%,15.71
water mitigation fairfax station,0,214,0%,17.93
restoration water damage,0,214,0%,30.38
24 hour emergency water removal,0,214,0%,30.91
industrial restoration contractors dc metro,0,214,0%,54.32
water damage repairs fairfax,0,213,0%,15.88
storm damage company,0,213,0%,15.91
best restoration company northern virginia,0,213,0%,25.28
water damage loudon,0,213,0%,60.58
water damage companies in mclean va,0,212,0%,5.38
fairfax water damage restoration,0,212,0%,5.9
flood restoration fairfax va,0,212,0%,6.7
fire damage repair,0,212,0%,27.27
storm damage restoration lorton va,0,212,0%,41.4
flood cleanup fairfax va,0,211,0%,6.4
fire damage cleanup arlington va,0,211,0%,22.77
mold and water damage repair,0,211,0%,35.27
basement flood cleaning service,0,211,0%,41.58
flood cleanup arlington va,0,210,0%,7.1
water damage repairs alexandria,0,210,0%,17.86
fire damage company arlington,0,210,0%,35.21
water and restoration companies,0,209,0%,12.57
fire repair fairfax,0,209,0%,69.68
water mitigation services arlington va,0,208,0%,10.71
"water damage cleanup yorktown, va",0,208,0%,73.46
emergency water repair arlington,0,208,0%,74.56
water damage restoration northern va,0,207,0%,7.8
fire damage restoration fairfax station,0,207,0%,36.64
smoke damage restoration arlington va,0,207,0%,40.12
flood damage repair great falls,0,206,0%,1.26
commercial flood restoration fairfax va,0,206,0%,8.61
water and fire restoration fairfax va,0,206,0%,12.72
water removal near me,0,206,0%,28.7
emergency mold remediation,0,206,0%,31.49
"commercial fire damage restoration services in alexandria, va",0,206,0%,53.58
arlington fire damage repair,0,206,0%,59.01
water damage cleanup experts,0,206,0%,63.32
water removal mclean va,0,205,0%,3.79
commercial flood cleanup northern virginia,0,205,0%,5.77
restoration services arlington va,0,205,0%,11.79
water damage restoration in arlington,0,205,0%,51.05
water damage repair dc,0,205,0%,52.81
flood damage company,0,205,0%,60.44
commercial flood restoration arlington va,0,204,0%,9.45
fire damage restoration springfield va,0,204,0%,34.43
water extraction mclean va,0,203,0%,4.48
commercial flood cleanup arlington va,0,203,0%,7.03
flood damage restoration herndon va,0,203,0%,9.48
water damage repair expert,0,203,0%,9.9
disaster recovery alexandria va,0,203,0%,55.19
restoration company arlington va,0,202,0%,8.89
water damage cleanup and repair,0,202,0%,25
fire damage cleanup fairfax va,0,202,0%,38.7
mold remediation company fairfax,0,202,0%,61.69
remediation water damage,0,201,0%,36.54
storm damage repair falls church,0,200,0%,9.1
local water damage repair experts,0,200,0%,27.79
erie water restoration,0,200,0%,85.04
water remediation process,0,200,0%,88.92
flood services near me,0,199,0%,1.54
water damage cleanup northern virginia,0,199,0%,8.35
water mitigation services fairfax va,0,199,0%,11.74
emergency restoration service alexandria va,0,199,0%,35.62
water damage restoration service near me yorktown,0,199,0%,50.22
hurricane damage repair in alexandria,0,198,0%,44.32
sewage cleanup services arlington,0,198,0%,61.12
basement flood cleanup expert,0,197,0%,16.57
damage restoration services fairfax va,0,197,0%,16.77
damage restoration services arlington va,0,196,0%,9.43
water removal fairfax va,0,196,0%,11.05
water removal arlington va,0,196,0%,11.81
water mitigation northern virginia,0,196,0%,14.61
water clean up service alexandria va,0,196,0%,19.69
water damage clean up in arlington wa,0,196,0%,65.91
water damage repair mount crawford,0,195,0%,34.23
water damage service providers,0,195,0%,45.04
smoke cleanup in alexandria va,0,195,0%,51.77
water damage restoration in arlington wa,0,195,0%,65.48
water damage services near me,0,194,0%,1.69
water damage contractor mclean va,0,194,0%,3.35
water damage services falls church va,0,194,0%,4.63
water damage repair experts,0,194,0%,6.1
water damage restoration loudon,0,192,0%,32.1
emergency restoration services arlington va,0,191,0%,12.41
water damage repair alexandria va,0,191,0%,20.84
water mitigation services northern virginia,0,189,0%,10.74
home flood care,0,189,0%,28.98
flood specialist near me,0,189,0%,41.28
"commercial storm damage restoration services in alexandria, va",0,189,0%,59.48
"storm damage restoration services in alexandria, va",0,189,0%,61.21
storm damage restoration tysons va,0,188,0%,4.04
water damage in mclean,0,188,0%,5.64
commercial water damage restoration fairfax va,0,188,0%,15.56
flood restoration alexandria va,0,188,0%,16.97
damage restoration services alexandria va,0,188,0%,22.81
large loss restoration company alexandria,0,188,0%,34.92
fire damage cleaning arlington,0,188,0%,45.02
water damage clean up in fairfax,0,187,0%,5.49
flood damage restoration reston va,0,187,0%,8.39
flood cleanup alexandria va,0,187,0%,16.13
professional water damage repair experts,0,187,0%,22.52
water & flood damage restoration,0,186,0%,26.3
fire damage restoration lorton,0,186,0%,28.9
water damage keezletown,0,186,0%,56.16
water damage restoration in north chesterfield,0,186,0%,76.07
storm restoration services,0,185,0%,7.68
fire damage restoration tysons va,0,185,0%,9.35
water remediation services near me,0,184,0%,25.58
fire restoration alexandria va,0,184,0%,47.42
restoration company near fairfax,0,183,0%,12.09
commercial property restoration alexandria virginia,0,183,0%,44.69
flooded home repair services,0,182,0%,29.78
mold mitigation ashburn va,0,182,0%,43.81
fire damage restoration service in alexandria,0,182,0%,47.46
water removal alexandria va,0,181,0%,19.28
water cleanup services,0,181,0%,26.23
fire restoration near me,0,181,0%,27.17
water damage restoration keezletown,0,181,0%,32
springfield water extraction company,0,181,0%,58.72
mold and water damage specialists,0,181,0%,67.56
water drying company near me,0,180,0%,13.72
home flood damage remediation,0,180,0%,84.49
water damage repairs arlington,0,179,0%,21.92
springfield water drying company,0,179,0%,37.27
water drying service near me,0,179,0%,49.01
mold damage repair services,0,178,0%,14.42
mold mitigation mclean va,0,178,0%,23
water clean up,0,178,0%,40.93
basement flood cleanup services expert,0,178,0%,44.24
hail damage roof restoration lorton,0,178,0%,47.93
emergency water removal arlington va,0,177,0%,10.66
water damage springfield va,0,177,0%,12.42
restoration services fairfax va,0,177,0%,18.44
water mitigation services alexandria va,0,177,0%,20.42
emergency water damage repair near me,0,177,0%,85.07
water damage repair services in mclean,0,176,0%,5.28
commercial flood restoration northern virginia,0,176,0%,12.76
emergency damage restoration,0,176,0%,17.78
water consultation arlington va,0,176,0%,19.11
springfield water damage restoration services,0,176,0%,51.29
sewage cleanup mclean va,0,175,0%,15.32
fire restoration alexandria,0,175,0%,54.71
fire damage restoration vienna,0,174,0%,1.47
basement water cleanup company,0,174,0%,31.98
"water damage restoration company near me chesapeake, va",0,174,0%,91.88
water damage restoration in ashburn,0,173,0%,4.05
water remediation company,0,173,0%,12.1
water consultation alexandria va,0,173,0%,57.51
restoration companies loudon,0,172,0%,53.46
fire restoration vienna,0,171,0%,1.08
basement flood cleanup in mclean,0,171,0%,3.46
apartment flood alexandria va,0,171,0%,40.78
water damage restoration service in springfield,0,171,0%,61.38
flood cleanup in mclean,0,170,0%,1.72
flood repair companies,0,170,0%,5.92
restoration company alexandria va,0,170,0%,23.79
flood restoration washington dc,0,169,0%,64.25
raw sewage in basement,0,169,0%,67.63
basement flood cleanup company near me,0,168,0%,16.4
basement flood cleanup service near me,0,168,0%,26.05
water damage restoration service in washigton d.c.,0,168,0%,51.52
water drying services in mclean,0,167,0%,4.07
sewage cleanup fairfax,0,167,0%,33.59
damage restoration services northern virginia,0,167,0%,36.38
mold removal lorton va,0,167,0%,77.57
fire damage restoration reston va,0,166,0%,22.06
great falls fire damage restoration,0,166,0%,29.32
water restoration companies loudon,0,166,0%,36.72
water damage specialist near me,0,166,0%,48.87
water drying service in washington d.c.,0,166,0%,57.86
emergency water removal fairfax va,0,165,0%,11.18
"water damage restoration town center, va",0,165,0%,29.13
fire clean up services alexandria,0,165,0%,41.34
water damage cleanup yorktown,0,165,0%,68.5
water damage repair in ashburn,0,164,0%,1.57
water extraction,0,164,0%,2.57
flood recovery services,0,164,0%,2.6
water extraction in ashburn,0,164,0%,2.96
water damage repair contractors,0,164,0%,14.85
home flood remediation,0,164,0%,16.68
fire damage restoration reston,0,164,0%,18.12
commercial restoration services restoration arlington,0,164,0%,45.43
flooded basement repair,0,163,0%,5.67
flood repairs and flood damage services,0,163,0%,15.39
commercial restoration company arlington va,0,163,0%,20.15
restoration company near alexandria,0,163,0%,26.36
mold mitigation service arlington va,0,163,0%,53.22
fire remediation services arlington va,0,162,0%,18.47
water damage repair loudon,0,162,0%,46.94
water mitigation specialist,0,162,0%,64.99
flooded home repair,0,162,0%,76.38
home water damage repair,0,161,0%,7.46
fire damage restoration herndon va,0,161,0%,29.12
water mitigation keezletown,0,161,0%,36.39
commercial restoration services fairfax va,0,161,0%,42.19
"radon remediation falls church, va",0,161,0%,72.35
commercial restoration services alexandria va,0,160,0%,46.48
home flood cleanup,0,159,0%,1.77
water extraction alexandria,0,159,0%,20.72
restoration flood damage,0,158,0%,1.42
commercial flood cleanup alexandria va,0,158,0%,21.27
emergency biohazard cleanup service arlington va,0,158,0%,48.53
emergency restoration services fairfax va,0,158,0%,48.75
water damage reston va,0,157,0%,7.64
commercial flood restoration alexandria va,0,157,0%,29.42
water extraction expert,0,156,0%,7.25
water damage cleanup in alexandria,0,156,0%,20.42
sewage cleanup arlington va,0,156,0%,23.33
hurricane damage repair alexandria,0,156,0%,29.04
mold damage repair,0,156,0%,39.29
mold cleanup arlington va,0,155,0%,54.78
+water +restoration,0,155,0%,86.32
water damage repair fairfax va,0,154,0%,10.82
basement flood cleanup in ashburn,0,154,0%,14.75
commercial restoration services arlington va,0,154,0%,20.79
water mitigation loudon,0,154,0%,39.17
water damage restoration dulles,0,154,0%,40.61
smoke damage cleanup services in fairfax,0,154,0%,41.08
emergency restoration services northern virginia,0,154,0%,46.45
water damage repair service in washigton d.c.,0,154,0%,60.18
flood removal services,0,153,0%,3.71
smoke damage restoration fairfax,0,153,0%,42.76
commercial restoration company fairfax va,0,153,0%,46.43
fire damage restoration yorktown,0,153,0%,56.76
mold damage repair services near me,0,152,0%,16.14
fire damage contractor,0,152,0%,24.5
flood damage contractors,0,152,0%,75.07
fire damage restoration service,0,151,0%,25.44
fire damage restoration 22033,0,151,0%,25.48
springfield water damage restoration company,0,151,0%,52.94
water damage stuarts draft,0,151,0%,62.82
basement flooding repair,0,150,0%,1.57
restoration services falls church,0,150,0%,15.6
commercial water damage restoration northern virginia,0,150,0%,30.42
storm damage restoration herndon va,0,150,0%,39.8
emergency restoration services alexandria va,0,150,0%,39.95
commercial restoration company alexandria va,0,150,0%,44.56
fire remediation arlington,0,150,0%,48.93
water damage repair in arlington wa,0,150,0%,70.39
water damage restoration service in fairfax,0,149,0%,11.99
restoration services fairfax,0,149,0%,29.93
fire remediation services fairfax va,0,149,0%,42.91
storm damage restoration reston va,0,149,0%,45.83
erie water drying services,0,149,0%,47.87
sewage damage cleanup,0,148,0%,6.68
water damage repair arlington va,0,148,0%,8.86
sewage cleanup ashburn va,0,148,0%,15.71
water removal specialist,0,148,0%,68.5
storm damage restoration companies near me,0,147,0%,17.85
disaster recovery northern virginia,0,147,0%,31.88
water restoration keezletown,0,147,0%,38.04
flood cleanup alexandria,0,146,0%,24.58
fire remediation services alexandria va,0,146,0%,46.64
water restoration dulles,0,146,0%,54.28
water damage restoration service in northwest dc,0,146,0%,57.62
affordable it support in mclean va,0,146,0%,60.58
flooding repairs,0,145,0%,1.71
flood damage restoration falls church,0,145,0%,4.12
remediation company near me,0,145,0%,20.8
fire damage board up alexandria,0,145,0%,30.74
ceiling water damage repair arlington,0,145,0%,46.97
water damage remediation washington dc,0,145,0%,50.57
fire damage cleanup northern virginia,0,145,0%,54.12
storm damage services arlington,0,145,0%,59.72
emergency restoration contractors,0,144,0%,17.38
water damage recovery springfield,0,144,0%,27.55
storm damage cleaning arlington,0,144,0%,44.54
flood restoration service near me,0,143,0%,43.95
flood restoration alexandria,0,142,0%,28.27
ceiling water damage repair near me,0,142,0%,29.05
smoke damage restoration fairfax va,0,142,0%,48.82
smoke damage restoration alexandria va,0,142,0%,63.44
storm damage roof repair great falls,0,141,0%,7.15
emergency water removal alexandria va,0,141,0%,34.96
storm damage restoration fairfax va,0,141,0%,42.14
water damage repair keezletown,0,141,0%,44.31
restoration company northern virginia,0,141,0%,45.45
biohazard cleanup services arlington va,0,141,0%,62.61
flood restorations,0,140,0%,1.36
arlington disaster restoration,0,140,0%,25.04
+water +damage +cleanup,0,140,0%,74.47
arlington flood damage restoration,0,139,0%,12.71
restoration flood,0,139,0%,24.06
emergency water removal northern virginia,0,139,0%,38.39
water extraction arlington,0,138,0%,23.83
emergency water clean up,0,137,0%,15.51
water fire damage,0,137,0%,46.09
water mitigation service near me,0,137,0%,86.9
24 hour flood service,0,136,0%,3.53
flood water damage restoration companies,0,136,0%,15.32
house flooding clean up companies,0,136,0%,19.24
industrial large loss restoration alexandria,0,136,0%,21.39
mold remediation mclean,0,136,0%,28.89
emergency water drying springfield,0,136,0%,53.34
water cleanup loudon,0,136,0%,54.06
water damage company falls church,0,135,0%,3.84
commercial damage restoration fairfax,0,135,0%,15
water cleanup keezletown,0,135,0%,47.07
"radon remediation services in falls church, va",0,135,0%,78.49
water damage restoration service falls church,0,134,0%,5.99
storm damage repair near me,0,134,0%,11.98
restoration company falls church,0,134,0%,14.28
home water damage services,0,134,0%,22.21
basement flooding repair near me,0,134,0%,29.67
storm damage company arlington,0,134,0%,36.21
water drying springfield,0,134,0%,60.21
water-damage-restoration-in-arlington-tn,0,134,0%,76.28
home flood damage remediation company,0,134,0%,81.07
professional water damage restoration services,0,133,0%,50.31
commercial water damage restoration yorktown,0,133,0%,71.15
damage restoration falls church,0,132,0%,6.02
sewage cleanup service near me,0,132,0%,16.41
water removal northern virginia,0,132,0%,19.74